{"building_index": 1500, "real_dimensions": {"width": 21.574441602392632, "height": 22.864106025400492}}