{"building_index": 999, "real_dimensions": {"width": 19.070974224109204, "height": 14.570233957215677}}